ID_Cabang,no_hp_cabang
0301,(776) 457-4318
0302,(775) 393-6723
0303,(264) 989-9131
0304,(449) 346-0315
0305,(404) 797-2138
0306,(819) 756-8231
0307,(681) 579-9242
0308,(545) 529-2896
0309,(411) 717-7094
0310,(566) 248-5720
0311,(297) 453-0825
0312,(853) 557-7955
0313,(455) 854-0831
0314,(666) 338-5836
0315,(877) 388-6756
0316,(475) 623-8315
0317,(517) 746-9928
0318,(931) 631-2139
0319,(799) 838-9010
0320,(800) 874-3193
0321,(803) 240-3167
0322,(878) 454-1217
0323,(799) 366-5925
0324,(630) 292-5762
0325,(862) 921-4646
0326,(333) 778-1544
0327,(295) 200-9192
0328,(986) 601-6033
0329,(918) 937-1664
0330,(369) 557-2313